File,Component,New,Outstanding,Issue Density,Code Lines (LOC),Dismissed
/Jenkins/Project/STDPLUS/workspace/STDPLUS_6.5INCH_VIP_CI/ai-av-audio-stdplus.vip/audio/audio.driver.amp.tdf8546/amp_driver_cfg.h,Other,29,29,292.9293,99,0
/Jenkins/Project/STDPLUS/workspace/STDPLUS_6.5INCH_VIP_CI/ai-network-diagnostics-stdplus.vip/diagnostic_MQB/Eol/diag_eol_com.c,Other,12,13,6.6700873,1949,0
/Jenkins/Project/STDPLUS/workspace/STDPLUS_6.5INCH_VIP_CI/ai-av-audio-stdplus.vip/audio/audio.driver.dsp.tef663x/dsp_driver_cfg.h,Other,11,11,7.260726,1515,0
/Jenkins/Project/STDPLUS/workspace/STDPLUS_6.5INCH_VIP_CI/ai-infrastructure-services-stdplus.vip/NVM/dataflash/EEL/lib/r_eel_basic_fct.c,Other,7,7,1.9835647,3529,0
/Jenkins/Project/STDPLUS/workspace/STDPLUS_6.5INCH_VIP_CI/ai-network-diagnostics-stdplus.vip/diagnostic_MQB/Appl/sds_appl.c,Other,6,6,2.1691973,2766,0
/Jenkins/Project/STDPLUS/workspace/STDPLUS_6.5INCH_VIP_CI/ai-network-network-stdplus.vip/network_MQB/BAP/bap_hmi_app.c,Other,5,5,1.1462632,4362,0
/Jenkins/Project/STDPLUS/workspace/STDPLUS_6.5INCH_VIP_CI/ai-network-diagnostics-stdplus.vip/diagnostic_MQB/Appl/fdiag.c,Other,2,2,0.62227756,3214,0
/Jenkins/Project/STDPLUS/workspace/STDPLUS_6.5INCH_VIP_CI/ai-infrastructure-services-stdplus.vip/Pss/pss_vip_manager.c,Other,2,2,3.125,640,0
/Jenkins/Project/STDPLUS/workspace/STDPLUS_6.5INCH_VIP_CI/ai-network-network-stdplus.vip/network_MQB/Vnim/vnim_app.c,Other,2,2,1.1055832,1809,0
/Jenkins/Project/STDPLUS/workspace/STDPLUS_6.5INCH_VIP_CI/ai-av-audio-stdplus.vip/audio/audio.driver.dsp.tef663x/dsp_tef663x_driver.c,Other,2,2,0.21342438,9371,0
/Jenkins/Project/STDPLUS/workspace/STDPLUS_6.5INCH_VIP_CI/ai-network-diagnostics-stdplus.vip/diagnostic_MQB/Appl/diag_core_mgr.c,Other,2,2,0.4733728,4225,0
/Jenkins/Project/STDPLUS/workspace/STDPLUS_6.5INCH_VIP_CI/ai-network-diagnostics-stdplus.vip/diagnostic_MQB/Appl/diag_ipcl.c,Other,1,1,6.4935064,154,0
/Jenkins/Project/STDPLUS/workspace/STDPLUS_6.5INCH_VIP_CI/ai-network-network-stdplus.vip/network_MQB/Geny/MP2017/v_inc.h,Other,1,1,52.63158,19,0
/Jenkins/Project/STDPLUS/workspace/STDPLUS_6.5INCH_VIP_CI/ai-infrastructure-os-stdplus.vip/OS/os.c,Other,1,1,3.1847134,314,0
/Jenkins/Project/STDPLUS/workspace/STDPLUS_6.5INCH_VIP_CI/ai-infrastructure-services-stdplus.vip/Ipcl/Ipcl_mgr.c,Other,1,1,1.3679891,731,0
/Jenkins/Project/STDPLUS/workspace/STDPLUS_6.5INCH_VIP_CI/ai-infrastructure-services-stdplus.vip/NVM/dataflash/FDL/lib/r_fdl_hw_access.c,Other,1,1,0.7369197,1357,0
/Jenkins/Project/STDPLUS/workspace/STDPLUS_6.5INCH_VIP_CI/ai-infrastructure-system-stdplus.vip/system/system.c,Other,1,1,4.7619047,210,0
/Jenkins/Project/STDPLUS/workspace/STDPLUS_6.5INCH_VIP_CI/ai-network-network-stdplus.vip/network_MQB/VStdLib/vstdlib.h,Other,1,1,2.8818443,347,0
/Jenkins/Project/STDPLUS/workspace/STDPLUS_6.5INCH_VIP_CI/ai-network-network-stdplus.vip/network_MQB/Geny/MP2017/can_par.h,Other,1,1,0.3732736,2679,0
/Jenkins/Project/STDPLUS/workspace/STDPLUS_6.5INCH_VIP_CI/ai-network-network-stdplus.vip/network_MQB/Vnim/vnim_nos.c,Other,1,1,1.7953322,557,0
/Jenkins/Project/STDPLUS/workspace/STDPLUS_6.5INCH_VIP_CI/ai-infrastructure-services-stdplus.vip/Hardware/Hal/i2c_queue.c,Other,1,1,2.5252526,396,0
/Jenkins/Project/STDPLUS/workspace/STDPLUS_6.5INCH_VIP_CI/ai-network-diagnostics-stdplus.vip/diagnostic_MQB/Task/task_diagnostics.c,Other,1,1,3.9215686,255,0
/Jenkins/Project/STDPLUS/workspace/STDPLUS_6.5INCH_VIP_CI/ai-infrastructure-services-stdplus.vip/Hardware/Drivers/Interrupt.c,Other,1,1,7.4074073,135,0
/Jenkins/Project/STDPLUS/workspace/STDPLUS_6.5INCH_VIP_CI/ai-tuner-fmam-stdplus.vip/tuner/rdsproc.c,Other,0,0,0,496,0
/Jenkins/Project/STDPLUS/workspace/STDPLUS_6.5INCH_VIP_CI/ai-infrastructure-services-stdplus.vip/Hardware/Hal/hal_spi.c,Other,0,0,0,164,0
/Jenkins/Project/STDPLUS/workspace/STDPLUS_6.5INCH_VIP_CI/ai-tuner-fmam-stdplus.vip/tuner/tuner_driver.c,Other,0,0,0,1905,0
/Jenkins/Project/STDPLUS/workspace/STDPLUS_6.5INCH_VIP_CI/ai-infrastructure-hmi-stdplus.vip/HMI/hmi_btn_drv.c,Other,0,0,0,2448,0
/Jenkins/Project/STDPLUS/workspace/STDPLUS_6.5INCH_VIP_CI/ai-infrastructure-services-stdplus.vip/Hardware/Hal/hal_iic.c,Other,0,0,0,356,0
/Jenkins/Project/STDPLUS/workspace/STDPLUS_6.5INCH_VIP_CI/ai-infrastructure-power-stdplus.vip/Power/power_mgr.c,Other,0,0,0,1720,0
/Jenkins/Project/STDPLUS/workspace/STDPLUS_6.5INCH_VIP_CI/ai-infrastructure-system-stdplus.vip/config/variant/variant_mgr.c,Other,0,0,0,871,0
/Jenkins/Project/STDPLUS/workspace/STDPLUS_6.5INCH_VIP_CI/ai-infrastructure-services-stdplus.vip/Io/io_mgr.h,Other,0,0,0,253,0
/Jenkins/Project/STDPLUS/workspace/STDPLUS_6.5INCH_VIP_CI/ai-tuner-fmam-stdplus.vip/tuner/tuner_controller.c,Other,0,0,0,6594,0
/Jenkins/Project/STDPLUS/workspace/STDPLUS_6.5INCH_VIP_CI/ai-infrastructure-illumination-stdplus.vip/Illumination/Illumination_mgr.c,Other,0,0,0,1553,0
/Jenkins/Project/STDPLUS/workspace/STDPLUS_6.5INCH_VIP_CI/ai-av-audio-stdplus.vip/audio/audio_task/audio_eq_cal.c,Other,0,0,0,822,0
/Jenkins/Project/STDPLUS/workspace/STDPLUS_6.5INCH_VIP_CI/ai-infrastructure-system-stdplus.vip/system/main.c,Other,0,0,0,30,0
/Jenkins/Project/STDPLUS/workspace/STDPLUS_6.5INCH_VIP_CI/ai-infrastructure-services-stdplus.vip/Hardware/Drivers/standby.c,Other,0,0,0,417,0
/Jenkins/Project/STDPLUS/workspace/STDPLUS_6.5INCH_VIP_CI/ai-tuner-fmam-stdplus.vip/tuner/Rdslocal.h,Other,0,0,0,211,0
/Jenkins/Project/STDPLUS/workspace/STDPLUS_6.5INCH_VIP_CI/ai-infrastructure-hmi-stdplus.vip/HMI/hmi_mgr.c,Other,0,0,0,1072,0
/Jenkins/Project/STDPLUS/workspace/STDPLUS_6.5INCH_VIP_CI/ai-av-audio-stdplus.vip/audio/audio_task/audio_task.c,Other,0,0,0,2364,0
/Jenkins/Project/STDPLUS/workspace/STDPLUS_6.5INCH_VIP_CI/ai-network-network-stdplus.vip/network_MQB/Task/network_task.c,Other,0,0,0,198,0
/Jenkins/Project/STDPLUS/workspace/STDPLUS_6.5INCH_VIP_CI/ai-infrastructure-services-stdplus.vip/Hardware/Drivers/iic.c,Other,0,0,0,312,0
/Jenkins/Project/STDPLUS/workspace/STDPLUS_6.5INCH_VIP_CI/ai-infrastructure-power-stdplus.vip/Power/power_mode.c,Other,0,0,0,1378,0
/Jenkins/Project/STDPLUS/workspace/STDPLUS_6.5INCH_VIP_CI/ai-infrastructure-services-stdplus.vip/NVM/dataflash_services.c,Other,0,0,0,402,0
/Jenkins/Project/STDPLUS/workspace/STDPLUS_6.5INCH_VIP_CI/ai-infrastructure-services-stdplus.vip/Io/io_mgr.c,Other,0,0,0,1992,0
/Jenkins/Project/STDPLUS/workspace/STDPLUS_6.5INCH_VIP_CI/ai-infrastructure-system-stdplus.vip/config/variant/variant_mgr.h,Other,0,0,0,14,0
/Jenkins/Project/STDPLUS/workspace/STDPLUS_6.5INCH_VIP_CI/ai-network-network-stdplus.vip/network_MQB/Common/i2s_cfg.h,Other,0,0,0,105,0
/Jenkins/Project/STDPLUS/workspace/STDPLUS_6.5INCH_VIP_CI/ai-infrastructure-services-stdplus.vip/NVM/dataflash/fdl_descriptor.h,Other,0,0,0,9,0
/Jenkins/Project/STDPLUS/workspace/STDPLUS_6.5INCH_VIP_CI/ai-network-network-stdplus.vip/network_MQB/Nmh/nmh.h,Other,0,0,0,232,0
/Jenkins/Project/STDPLUS/workspace/STDPLUS_6.5INCH_VIP_CI/ai-network-network-stdplus.vip/network_MQB/Geny/MP2017/nmh_par.c,Other,0,0,0,11,0
/Program Files/Renesas Electronics/CS+/CC/CC-RH/V1.01.00/inc/mathf.h,Other,0,0,0,26,0
/Jenkins/Project/STDPLUS/workspace/STDPLUS_6.5INCH_VIP_CI/ai-infrastructure-services-stdplus.vip/NVM/dataflash/EEL/r_eel.h,Other,0,0,0,28,0
/Jenkins/Project/STDPLUS/workspace/STDPLUS_6.5INCH_VIP_CI/ai-av-audio-stdplus.vip/audio/audio.driver.dsp.tef663x/dsp_coeff/dsp_bass_gain_P.h,Other,0,0,0,19,0
/Jenkins/Project/STDPLUS/workspace/STDPLUS_6.5INCH_VIP_CI/ai-infrastructure-services-stdplus.vip/Hardware/Drivers/uart.c,Other,0,0,0,161,0
/Jenkins/Project/STDPLUS/workspace/STDPLUS_6.5INCH_VIP_CI/ai-av-audio-stdplus.vip/audio/audio.driver.dsp.tef663x/dsp_coeff/dsp_eq_chan_gain_mqb.h,Other,0,0,0,2,0
/Jenkins/Project/STDPLUS/workspace/STDPLUS_6.5INCH_VIP_CI/ai-network-diagnostics-stdplus.vip/diagnostic_MQB/Sds/sds_cfg.h,Other,0,0,0,450,0
/Jenkins/Project/STDPLUS/workspace/STDPLUS_6.5INCH_VIP_CI/ai-infrastructure-services-stdplus.vip/Hardware/Drivers/iodefine.h,Other,0,0,0,5431,0
/Jenkins/Project/STDPLUS/workspace/STDPLUS_6.5INCH_VIP_CI/ai-infrastructure-services-stdplus.vip/Hardware/Hal/hal_pwm.c,Other,0,0,0,106,0
/Jenkins/Project/STDPLUS/workspace/STDPLUS_6.5INCH_VIP_CI/ai-infrastructure-system-stdplus.vip/system/global.h,Other,0,0,0,1380,0
/Jenkins/Project/STDPLUS/workspace/STDPLUS_6.5INCH_VIP_CI/ai-infrastructure-services-stdplus.vip/Hardware/Drivers/csih_spi.h,Other,0,0,0,111,0
/Jenkins/Project/STDPLUS/workspace/STDPLUS_6.5INCH_VIP_CI/ai-infrastructure-services-stdplus.vip/Hardware/Hal/gpio_iic.h,Other,0,0,0,51,0
/Jenkins/Project/STDPLUS/workspace/STDPLUS_6.5INCH_VIP_CI/ai-av-audio-stdplus.vip/audio/audio_task/audio_task.h,Other,0,0,0,377,0
/Jenkins/Project/STDPLUS/workspace/STDPLUS_6.5INCH_VIP_CI/ai-av-audio-stdplus.vip/audio/audio_task/audio_diag_mgr.c,Other,0,0,0,769,0
/Jenkins/Project/STDPLUS/workspace/STDPLUS_6.5INCH_VIP_CI/ai-network-network-stdplus.vip/network_MQB/BAP/MP2017/CarInterface_ViewOption.h,Other,0,0,0,243,0
/Jenkins/Project/STDPLUS/workspace/STDPLUS_6.5INCH_VIP_CI/ai-infrastructure-system-stdplus.vip/system/task_cfg.c,Other,0,0,0,136,0
/Jenkins/Project/STDPLUS/workspace/STDPLUS_6.5INCH_VIP_CI/ai-network-diagnostics-stdplus.vip/diagnostic_MQB/Eol/diag_eol_if.h,Other,0,0,0,17,0
/Jenkins/Project/STDPLUS/workspace/STDPLUS_6.5INCH_VIP_CI/ai-infrastructure-services-stdplus.vip/NVM/dataflash/eel_descriptor.c,Other,0,0,0,15,0
/Jenkins/Project/STDPLUS/workspace/STDPLUS_6.5INCH_VIP_CI/ai-infrastructure-services-stdplus.vip/Io/temp_mapping.h,Other,0,0,0,88,0
/Jenkins/Project/STDPLUS/workspace/STDPLUS_6.5INCH_VIP_CI/ai-infrastructure-services-stdplus.vip/NVM/dataflash/EEL/r_eel_mem_map.h,Other,0,0,0,81,0
/Jenkins/Project/STDPLUS/workspace/STDPLUS_6.5INCH_VIP_CI/ai-av-audio-stdplus.vip/audio/audio.driver.dsp.tef663x/dsp_tef663x_driver.h,Other,0,0,0,285,0
/Jenkins/Project/STDPLUS/workspace/STDPLUS_6.5INCH_VIP_CI/ai-network-network-stdplus.vip/network_MQB/Vnim/vnim_app.h,Other,0,0,0,103,0
/Jenkins/Project/STDPLUS/workspace/STDPLUS_6.5INCH_VIP_CI/ai-network-network-stdplus.vip/network_MQB/Geny/MP2017/can_cfg.h,Other,0,0,0,203,0
/Jenkins/Project/STDPLUS/workspace/STDPLUS_6.5INCH_VIP_CI/ai-infrastructure-services-stdplus.vip/NVM/dataflash/EEL/lib/r_eel_global.h,Other,0,0,0,400,0
/Jenkins/Project/STDPLUS/workspace/STDPLUS_6.5INCH_VIP_CI/ai-network-network-stdplus.vip/network_MQB/Geny/MP2017/nmh_cfg.h,Other,0,0,0,94,0
/Jenkins/Project/STDPLUS/workspace/STDPLUS_6.5INCH_VIP_CI/ai-network-network-stdplus.vip/network_MQB/BAP/MP2017/CarInterface_Externals.h,Other,0,0,0,34,0
/Jenkins/Project/STDPLUS/workspace/STDPLUS_6.5INCH_VIP_CI/ai-network-network-stdplus.vip/network_MQB/Vnim/vnim_hw_loop_check.h,Other,0,0,0,9,0
/Jenkins/Project/STDPLUS/workspace/STDPLUS_6.5INCH_VIP_CI/ai-infrastructure-services-stdplus.vip/NVM/NVM_addr_cfg.h,Other,0,0,0,851,0
/Jenkins/Project/STDPLUS/workspace/STDPLUS_6.5INCH_VIP_CI/ai-infrastructure-services-stdplus.vip/Pss/pss_if.h,Other,0,0,0,79,0
/Jenkins/Project/STDPLUS/workspace/STDPLUS_6.5INCH_VIP_CI/ai-network-network-stdplus.vip/network_MQB/BAP/MP2017/CarInterface.h,Other,0,0,0,112,0
/Jenkins/Project/STDPLUS/workspace/STDPLUS_6.5INCH_VIP_CI/ai-av-audio-stdplus.vip/audio/audio.driver.amp.tdf8546/amp_tdf8546_driver.h,Other,0,0,0,400,0
/Jenkins/Project/STDPLUS/workspace/STDPLUS_6.5INCH_VIP_CI/ai-tuner-fmam-stdplus.vip/tuner/rds_block_decoder.c,Other,0,0,0,222,0
/Jenkins/Project/STDPLUS/workspace/STDPLUS_6.5INCH_VIP_CI/ai-network-diagnostics-stdplus.vip/diagnostic_MQB/Appl/diag_core_mgr.cfg,Other,0,0,0,524,0
/Jenkins/Project/STDPLUS/workspace/STDPLUS_6.5INCH_VIP_CI/ai-infrastructure-services-stdplus.vip/NVM/dataflash/FDL/lib/r_fdl_global.h,Other,0,0,0,134,0
/Jenkins/Project/STDPLUS/workspace/STDPLUS_6.5INCH_VIP_CI/ai-av-audio-stdplus.vip/audio/audio_task/audio_diag_mgr.h,Other,0,0,0,33,0
/Jenkins/Project/STDPLUS/workspace/STDPLUS_6.5INCH_VIP_CI/ai-av-audio-stdplus.vip/audio/audio.driver.dsp.tef663x/dsp_coeff/dsp_bmt_prescaler_P.h,Other,0,0,0,10,0
/Jenkins/Project/STDPLUS/workspace/STDPLUS_6.5INCH_VIP_CI/ai-av-audio-stdplus.vip/audio/audio_task/audio_eq_cal.h,Other,0,0,0,44,0
/Jenkins/Project/STDPLUS/workspace/STDPLUS_6.5INCH_VIP_CI/ai-network-network-stdplus.vip/network_MQB/BAP/MP2017/CarInterface_PopUp.h,Other,0,0,0,77,0
/Jenkins/Project/STDPLUS/workspace/STDPLUS_6.5INCH_VIP_CI/ai-av-audio-stdplus.vip/audio/audio_task/audio_cfg.h,Other,0,0,0,114,0
/Jenkins/Project/STDPLUS/workspace/STDPLUS_6.5INCH_VIP_CI/ai-network-network-stdplus.vip/network_MQB/Geny/ccl_par.c,Other,0,0,0,63,0
/Jenkins/Project/STDPLUS/workspace/STDPLUS_6.5INCH_VIP_CI/ai-tuner-fmam-stdplus.vip/tuner/reception_manager.h,Other,0,0,0,361,0
/Jenkins/Project/STDPLUS/workspace/STDPLUS_6.5INCH_VIP_CI/ai-network-network-stdplus.vip/network_MQB/Ccl/ccl.h,Other,0,0,0,5,0
/Jenkins/Project/STDPLUS/workspace/STDPLUS_6.5INCH_VIP_CI/ai-infrastructure-system-stdplus.vip/config/config.h,Other,0,0,0,56,0
/Jenkins/Project/STDPLUS/workspace/STDPLUS_6.5INCH_VIP_CI/ai-infrastructure-services-stdplus.vip/Hardware/Drivers/clock.c,Other,0,0,0,126,0
/Jenkins/Project/STDPLUS/workspace/STDPLUS_6.5INCH_VIP_CI/ai-infrastructure-services-stdplus.vip/Hardware/Hal/cmd_uart.c,Other,0,0,0,608,0
/Jenkins/Project/STDPLUS/workspace/STDPLUS_6.5INCH_VIP_CI/ai-av-audio-stdplus.vip/audio/audio.driver.amp.tdf8546/amp_driver_if.h,Other,0,0,0,5,0
/Jenkins/Project/STDPLUS/workspace/STDPLUS_6.5INCH_VIP_CI/ai-av-audio-stdplus.vip/audio/audio_external_vmf_if.h,Other,0,0,0,107,0
/Jenkins/Project/STDPLUS/workspace/STDPLUS_6.5INCH_VIP_CI/ai-infrastructure-services-stdplus.vip/Hardware/Hal/hal_common.h,Other,0,0,0,139,0
/Jenkins/Project/STDPLUS/workspace/STDPLUS_6.5INCH_VIP_CI/ai-network-diagnostics-stdplus.vip/diagnostic_MQB/Deh/deh_eventpara_calrom.c,Other,0,0,0,10,0
/Jenkins/Project/STDPLUS/workspace/STDPLUS_6.5INCH_VIP_CI/ai-infrastructure-services-stdplus.vip/Hardware/Drivers/cpu.h,Other,0,0,0,18,0
/Jenkins/Project/STDPLUS/workspace/STDPLUS_6.5INCH_VIP_CI/ai-network-diagnostics-stdplus.vip/diagnostic_MQB/Appl/uds_appl.h,Other,0,0,0,6,0
/Jenkins/Project/STDPLUS/workspace/STDPLUS_6.5INCH_VIP_CI/ai-infrastructure-services-stdplus.vip/NVM/dataflash/EEL/lib/r_eel_user_if.c,Other,0,0,0,630,0
/Jenkins/Project/STDPLUS/workspace/STDPLUS_6.5INCH_VIP_CI/ai-tuner-fmam-stdplus.vip/tuner/tuner_driver.h,Other,0,0,0,178,0
/Jenkins/Project/STDPLUS/workspace/STDPLUS_6.5INCH_VIP_CI/ai-network-network-stdplus.vip/network_MQB/BAP/MP2017/bap_user_stdtypes.h,Other,0,0,0,136,0
/Jenkins/Project/STDPLUS/workspace/STDPLUS_6.5INCH_VIP_CI/ai-av-audio-stdplus.vip/audio/audio.driver.dsp.tef663x/dsp_coeff/dsp_volume_index_P.h,Other,0,0,0,31,0
/Jenkins/Project/STDPLUS/workspace/STDPLUS_6.5INCH_VIP_CI/ai-av-audio-stdplus.vip/audio/audio_external_type.h,Other,0,0,0,154,0
/Jenkins/Project/STDPLUS/workspace/STDPLUS_6.5INCH_VIP_CI/ai-network-network-stdplus.vip/network_MQB/Vnim/vnim_app_signals.c,Other,0,0,0,1491,0
/Jenkins/Project/STDPLUS/workspace/STDPLUS_6.5INCH_VIP_CI/ai-network-network-stdplus.vip/network_MQB/Vnim/vnim_nos.h,Other,0,0,0,93,0
/Jenkins/Project/STDPLUS/workspace/STDPLUS_6.5INCH_VIP_CI/ai-network-network-stdplus.vip/network_MQB/Vnim/vnim_necv850_hw.c,Other,0,0,0,53,0
/Jenkins/Project/STDPLUS/workspace/STDPLUS_6.5INCH_VIP_CI/ai-av-audio-stdplus.vip/audio/audio.driver.dsp.tef663x/dsp_coeff/dsp_fade_P.h,Other,0,0,0,19,0
/Program Files/Renesas Electronics/CS+/CC/CC-RH/V1.01.00/inc/setjmp.h,Other,0,0,0,14,0
/Jenkins/Project/STDPLUS/workspace/STDPLUS_6.5INCH_VIP_CI/ai-network-network-stdplus.vip/network_MQB/Nmh/nmh_can.h,Other,0,0,0,189,0
/Jenkins/Project/STDPLUS/workspace/STDPLUS_6.5INCH_VIP_CI/ai-infrastructure-system-stdplus.vip/system/GlbMsgDef.h,Other,0,0,0,107,0
/coverity/cov-analysis-win32-7.6.1/config/user_nodefs.h,Other,0,0,0,0,0
/Jenkins/Project/STDPLUS/workspace/STDPLUS_6.5INCH_VIP_CI/ai-infrastructure-services-stdplus.vip/Hardware/Hal/hal_gpio.c,Other,0,0,0,233,0
/Jenkins/Project/STDPLUS/workspace/STDPLUS_6.5INCH_VIP_CI/ai-network-network-stdplus.vip/network_MQB/Geny/MP2017/il_par.h,Other,0,0,0,1814,0
/coverity/cov-analysis-win32-7.6.1/idirs/STDPLUS_6.5INCH_VIP_CI/emit/PD-SW-DWANG8K/config/65db06e5eadff1137efd3fcfdf31fcf7/renesascc_ca850-config-0/coverity-compiler-compat.h,Other,0,0,0,343,0
/Jenkins/Project/STDPLUS/workspace/STDPLUS_6.5INCH_VIP_CI/ai-infrastructure-services-stdplus.vip/Hardware/Drivers/uart.h,Other,0,0,0,103,0
/Jenkins/Project/STDPLUS/workspace/STDPLUS_6.5INCH_VIP_CI/ai-network-network-stdplus.vip/network_MQB/Geny/ccl_cfg.h,Other,0,0,0,28,0
/Jenkins/Project/STDPLUS/workspace/STDPLUS_6.5INCH_VIP_CI/ai-infrastructure-services-stdplus.vip/Pss/pss_vip_manager.h,Other,0,0,0,27,0
/Jenkins/Project/STDPLUS/workspace/STDPLUS_6.5INCH_VIP_CI/ai-infrastructure-services-stdplus.vip/NVM/dataflash/eel_descriptor.h,Other,0,0,0,63,0
/Program Files/Renesas Electronics/CS+/CC/CC-RH/V1.01.00/inc/stdarg.h,Other,0,0,0,9,0
/Jenkins/Project/STDPLUS/workspace/STDPLUS_6.5INCH_VIP_CI/ai-tuner-fmam-stdplus.vip/tuner/reception_manager.c,Other,0,0,0,387,0
/Jenkins/Project/STDPLUS/workspace/STDPLUS_6.5INCH_VIP_CI/ai-network-network-stdplus.vip/network_MQB/BAP/MP2017/CarInterface_Types.h,Other,0,0,0,179,0
/Jenkins/Project/STDPLUS/workspace/STDPLUS_6.5INCH_VIP_CI/ai-network-network-stdplus.vip/network_MQB/Geny/MP2017/drv_par.h,Other,0,0,0,2309,0
/Jenkins/Project/STDPLUS/workspace/STDPLUS_6.5INCH_VIP_CI/ai-infrastructure-services-stdplus.vip/Ipcl/ipcl_com_if.h,Other,0,0,0,320,0
/Jenkins/Project/STDPLUS/workspace/STDPLUS_6.5INCH_VIP_CI/ai-infrastructure-hmi-stdplus.vip/HMI/hmi_audio.h,Other,0,0,0,45,0
/Jenkins/Project/STDPLUS/workspace/STDPLUS_6.5INCH_VIP_CI/ai-network-network-stdplus.vip/network_MQB/Geny/MP2017/can_user_config.cfg,Other,0,0,0,1,0
/Jenkins/Project/STDPLUS/workspace/STDPLUS_6.5INCH_VIP_CI/ai-infrastructure-services-stdplus.vip/NVM/dataflash/FDL/r_fdl_types.h,Other,0,0,0,60,0
/Jenkins/Project/STDPLUS/workspace/STDPLUS_6.5INCH_VIP_CI/ai-infrastructure-services-stdplus.vip/Pss/pss_data_cfg.h,Other,0,0,0,100,0
/Jenkins/Project/STDPLUS/workspace/STDPLUS_6.5INCH_VIP_CI/ai-network-diagnostics-stdplus.vip/diagnostic_MQB/Deh/deh_eventpara_calrom.h,Other,0,0,0,6,0
/Jenkins/Project/STDPLUS/workspace/STDPLUS_6.5INCH_VIP_CI/ai-network-network-stdplus.vip/network_MQB/Vnim/vnim_can_hw.h,Other,0,0,0,44,0
/Jenkins/Project/STDPLUS/workspace/STDPLUS_6.5INCH_VIP_CI/ai-infrastructure-services-stdplus.vip/Hardware/Hal/gpio_iic.c,Other,0,0,0,598,0
/coverity/cov-analysis-win32-7.6.1/idirs/STDPLUS_6.5INCH_VIP_CI/emit/PD-SW-DWANG8K/config/65db06e5eadff1137efd3fcfdf31fcf7/renesascc_ca850-config-0/coverity-macro-compat.h,Other,0,0,0,1,0
/Jenkins/Project/STDPLUS/workspace/STDPLUS_6.5INCH_VIP_CI/ai-infrastructure-services-stdplus.vip/NVM/dataflash/fdl_descriptor.c,Other,0,0,0,10,0
/Jenkins/Project/STDPLUS/workspace/STDPLUS_6.5INCH_VIP_CI/ai-infrastructure-services-stdplus.vip/NVM/dataflash/FDL/r_fdl.h,Other,0,0,0,37,0
/Jenkins/Project/STDPLUS/workspace/STDPLUS_6.5INCH_VIP_CI/ai-av-audio-stdplus.vip/audio/audio.driver.dsp.tef663x/dsp_coeff/dsp_loudness_gain_index_P.h,Other,0,0,0,31,0
/Jenkins/Project/STDPLUS/workspace/STDPLUS_6.5INCH_VIP_CI/ai-infrastructure-os-stdplus.vip/OS/os.h,Other,0,0,0,80,0
/Jenkins/Project/STDPLUS/workspace/STDPLUS_6.5INCH_VIP_CI/ai-av-audio-stdplus.vip/audio/audio.driver.dsp.tef663x/dsp_coeff/dsp_midrange_filter_gain_P.h,Other,0,0,0,76,0
/Jenkins/Project/STDPLUS/workspace/STDPLUS_6.5INCH_VIP_CI/ai-av-audio-stdplus.vip/audio/audio.driver.dsp.tef663x/dsp_driver_if.h,Other,0,0,0,37,0
/Jenkins/Project/STDPLUS/workspace/STDPLUS_6.5INCH_VIP_CI/ai-network-network-stdplus.vip/network_MQB/Task/network_task.h,Other,0,0,0,101,0
/Jenkins/Project/STDPLUS/workspace/STDPLUS_6.5INCH_VIP_CI/ai-network-network-stdplus.vip/network_MQB/Il/il_inc.h,Other,0,0,0,31,0
/Jenkins/Project/STDPLUS/workspace/STDPLUS_6.5INCH_VIP_CI/ai-network-diagnostics-stdplus.vip/diagnostic_MQB/Uds/uds.h,Other,0,0,0,106,0
/Jenkins/Project/STDPLUS/workspace/STDPLUS_6.5INCH_VIP_CI/ai-infrastructure-power-stdplus.vip/Power/power_volt_mgr.h,Other,0,0,0,25,0
/Jenkins/Project/STDPLUS/workspace/STDPLUS_6.5INCH_VIP_CI/ai-tuner-fmam-stdplus.vip/tuner/rds_block_decoder.h,Other,0,0,0,75,0
/Jenkins/Project/STDPLUS/workspace/STDPLUS_6.5INCH_VIP_CI/ai-infrastructure-services-stdplus.vip/CRC/crc.h,Other,0,0,0,4,0
/Program Files/Renesas Electronics/CS+/CC/CC-RH/V1.01.00/inc/string.h,Other,0,0,0,26,0
/Jenkins/Project/STDPLUS/workspace/STDPLUS_6.5INCH_VIP_CI/ai-infrastructure-services-stdplus.vip/NVM/dataflash/FDL/lib/r_fdl_user_if_init.c,Other,0,0,0,39,0
/Jenkins/Project/STDPLUS/workspace/STDPLUS_6.5INCH_VIP_CI/ai-av-audio-stdplus.vip/audio/audio.driver.dsp.tef663x/dsp_coeff/dsp_beep_volume.h,Other,0,0,0,31,0
/Jenkins/Project/STDPLUS/workspace/STDPLUS_6.5INCH_VIP_CI/ai-av-audio-stdplus.vip/audio/audio.driver.amp.tdf8546/amp_tdf8546_driver.c,Other,0,0,0,4470,0
/Jenkins/Project/STDPLUS/workspace/STDPLUS_6.5INCH_VIP_CI/ai-network-diagnostics-stdplus.vip/diagnostic_MQB/Eol/diag_eol_com.h,Other,0,0,0,223,0
/Jenkins/Project/STDPLUS/workspace/STDPLUS_6.5INCH_VIP_CI/ai-network-diagnostics-stdplus.vip/diagnostic_MQB/Appl/fdiag.h,Other,0,0,0,573,0
/Jenkins/Project/STDPLUS/workspace/STDPLUS_6.5INCH_VIP_CI/ai-infrastructure-services-stdplus.vip/Hardware/Drivers/timer.h,Other,0,0,0,31,0
/Jenkins/Project/STDPLUS/workspace/STDPLUS_6.5INCH_VIP_CI/ai-network-network-stdplus.vip/network_MQB/Common/i2s_Det.c,Other,0,0,0,18,0
/Jenkins/Project/STDPLUS/workspace/STDPLUS_6.5INCH_VIP_CI/ai-infrastructure-hmi-stdplus.vip/HMI/hmi_btn_drv.h,Other,0,0,0,266,0
/Jenkins/Project/STDPLUS/workspace/STDPLUS_6.5INCH_VIP_CI/ai-network-diagnostics-stdplus.vip/diagnostic_MQB/Deh/stdint.h,Other,0,0,0,20,0
/Jenkins/Project/STDPLUS/workspace/STDPLUS_6.5INCH_VIP_CI/ai-network-network-stdplus.vip/network_MQB/Vnim/vnim_can_cfg.h,Other,0,0,0,67,0
/Jenkins/Project/STDPLUS/workspace/STDPLUS_6.5INCH_VIP_CI/ai-infrastructure-system-stdplus.vip/system/system.h,Other,0,0,0,37,0
/Jenkins/Project/STDPLUS/workspace/STDPLUS_6.5INCH_VIP_CI/ai-infrastructure-hmi-stdplus.vip/HMI/hmi_audio.c,Other,0,0,0,403,0
/Jenkins/Project/STDPLUS/workspace/STDPLUS_6.5INCH_VIP_CI/ai-infrastructure-illumination-stdplus.vip/Illumination/Illumination_mgr.h,Other,0,0,0,104,0
/Jenkins/Project/STDPLUS/workspace/STDPLUS_6.5INCH_VIP_CI/ai-infrastructure-services-stdplus.vip/Ipcl/ipcl_cfg.h,Other,0,0,0,35,0
/Jenkins/Project/STDPLUS/workspace/STDPLUS_6.5INCH_VIP_CI/ai-infrastructure-services-stdplus.vip/NVM/dataflash/FDL/lib/r_fdl_user_if.c,Other,0,0,0,947,0
/Jenkins/Project/STDPLUS/workspace/STDPLUS_6.5INCH_VIP_CI/ai-infrastructure-system-stdplus.vip/config/stdplus/GP_2017/project.h,Other,0,0,0,8,0
/Jenkins/Project/STDPLUS/workspace/STDPLUS_6.5INCH_VIP_CI/ai-network-network-stdplus.vip/network_MQB/Tp/tp.h,Other,0,0,0,86,0
/Jenkins/Project/STDPLUS/workspace/STDPLUS_6.5INCH_VIP_CI/ai-infrastructure-services-stdplus.vip/NVM/dataflash/target.h,Other,0,0,0,53,0
/Jenkins/Project/STDPLUS/workspace/STDPLUS_6.5INCH_VIP_CI/ai-infrastructure-power-stdplus.vip/Power/power_mode.h,Other,0,0,0,30,0
/Jenkins/Project/STDPLUS/workspace/STDPLUS_6.5INCH_VIP_CI/ai-infrastructure-power-stdplus.vip/Power/power_volt_mgr.c,Other,0,0,0,307,0
/Jenkins/Project/STDPLUS/workspace/STDPLUS_6.5INCH_VIP_CI/ai-network-network-stdplus.vip/network_MQB/Ccl/ccl.c,Other,0,0,0,28,0
/Jenkins/Project/STDPLUS/workspace/STDPLUS_6.5INCH_VIP_CI/ai-infrastructure-services-stdplus.vip/Hardware/Drivers/adc.c,Other,0,0,0,99,0
/Program Files/Renesas Electronics/CS+/CC/CC-RH/V1.01.00/inc/stddef.h,Other,0,0,0,9,0
/Jenkins/Project/STDPLUS/workspace/STDPLUS_6.5INCH_VIP_CI/ai-network-network-stdplus.vip/network_MQB/Tp/tp_cfg.h,Other,0,0,0,33,0
/Jenkins/Project/STDPLUS/workspace/STDPLUS_6.5INCH_VIP_CI/ai-av-audio-stdplus.vip/audio/audio.driver.dsp.tef663x/dsp_coeff/dsp_bass_filter_P.h,Other,0,0,0,11,0
/Jenkins/Project/STDPLUS/workspace/STDPLUS_6.5INCH_VIP_CI/ai-infrastructure-services-stdplus.vip/Hardware/Drivers/Interrupt.h,Other,0,0,0,20,0
/Jenkins/Project/STDPLUS/workspace/STDPLUS_6.5INCH_VIP_CI/ai-network-network-stdplus.vip/network_MQB/Can/can_def.h,Other,0,0,0,1496,0
/Jenkins/Project/STDPLUS/workspace/STDPLUS_6.5INCH_VIP_CI/ai-infrastructure-services-stdplus.vip/Ipcl/ipcl_mgr.h,Other,0,0,0,52,0
/Jenkins/Project/STDPLUS/workspace/STDPLUS_6.5INCH_VIP_CI/ai-infrastructure-system-stdplus.vip/config/stdplus/MQB/variant.h,Other,0,0,0,148,0
/Jenkins/Project/STDPLUS/workspace/STDPLUS_6.5INCH_VIP_CI/ai-network-diagnostics-stdplus.vip/diagnostic_MQB/Task/task_diagnostics.h,Other,0,0,0,27,0
/Jenkins/Project/STDPLUS/workspace/STDPLUS_6.5INCH_VIP_CI/ai-infrastructure-services-stdplus.vip/Hardware/Drivers/pwm.h,Other,0,0,0,329,0
/Jenkins/Project/STDPLUS/workspace/STDPLUS_6.5INCH_VIP_CI/ai-network-network-stdplus.vip/network_MQB/SipVersionCheck/sip_vers.c,Other,0,0,0,59,0
/Jenkins/Project/STDPLUS/workspace/STDPLUS_6.5INCH_VIP_CI/ai-network-diagnostics-stdplus.vip/diagnostic_MQB/Appl/nvmdef.c,Other,0,0,0,318,0
/Jenkins/Project/STDPLUS/workspace/STDPLUS_6.5INCH_VIP_CI/ai-network-network-stdplus.vip/network_MQB/Common/i2s_Det.h,Other,0,0,0,14,0
/Jenkins/Project/STDPLUS/workspace/STDPLUS_6.5INCH_VIP_CI/ai-infrastructure-services-stdplus.vip/Hardware/Drivers/encoder.c,Other,0,0,0,161,0
/Jenkins/Project/STDPLUS/workspace/STDPLUS_6.5INCH_VIP_CI/ai-network-diagnostics-stdplus.vip/diagnostic_MQB/Deh/deh_cfg.h,Other,0,0,0,153,0
/Jenkins/Project/STDPLUS/workspace/STDPLUS_6.5INCH_VIP_CI/ai-infrastructure-services-stdplus.vip/NVM/dataflash/fdl_user.c,Other,0,0,0,80,0
/Jenkins/Project/STDPLUS/workspace/STDPLUS_6.5INCH_VIP_CI/ai-infrastructure-services-stdplus.vip/NVM/dataflash/FDL/lib/r_fdl_env.h,Other,0,0,0,106,0
/Jenkins/Project/STDPLUS/workspace/STDPLUS_6.5INCH_VIP_CI/ai-av-audio-stdplus.vip/audio/audio.driver.dsp.tef663x/dsp_coeff/dsp_eq_delay_mqb.h,Other,0,0,0,4,0
/Jenkins/Project/STDPLUS/workspace/STDPLUS_6.5INCH_VIP_CI/ai-network-diagnostics-stdplus.vip/diagnostic_MQB/Deh/stdbool.h,Other,0,0,0,20,0
/Jenkins/Project/STDPLUS/workspace/STDPLUS_6.5INCH_VIP_CI/ai-network-network-stdplus.vip/network_MQB/Geny/ccl_par.h,Other,0,0,0,12,0
/Jenkins/Project/STDPLUS/workspace/STDPLUS_6.5INCH_VIP_CI/ai-infrastructure-services-stdplus.vip/Pss/pss_cfg.h,Other,0,0,0,32,0
/Jenkins/Project/STDPLUS/workspace/STDPLUS_6.5INCH_VIP_CI/ai-infrastructure-services-stdplus.vip/Hardware/Hal/hal_gpio.h,Other,0,0,0,61,0
/Jenkins/Project/STDPLUS/workspace/STDPLUS_6.5INCH_VIP_CI/ai-tuner-fmam-stdplus.vip/tuner/hero.h,Other,0,0,0,137,0
/Jenkins/Project/STDPLUS/workspace/STDPLUS_6.5INCH_VIP_CI/ai-network-diagnostics-stdplus.vip/diagnostic_MQB/Appl/sds_appl.h,Other,0,0,0,906,0
/Jenkins/Project/STDPLUS/workspace/STDPLUS_6.5INCH_VIP_CI/ai-network-network-stdplus.vip/network_MQB/Common/i2s_types.h,Other,0,0,0,130,0
/Jenkins/Project/STDPLUS/workspace/STDPLUS_6.5INCH_VIP_CI/ai-infrastructure-services-stdplus.vip/Hardware/Drivers/hardware.h,Other,0,0,0,366,0
/Jenkins/Project/STDPLUS/workspace/STDPLUS_6.5INCH_VIP_CI/ai-infrastructure-hmi-stdplus.vip/HMI/hmi_mgr.h,Other,0,0,0,58,0
/Jenkins/Project/STDPLUS/workspace/STDPLUS_6.5INCH_VIP_CI/ai-network-diagnostics-stdplus.vip/diagnostic_MQB/Sds/sds.h,Other,0,0,0,157,0
/Program Files/Renesas Electronics/CS+/CC/CC-RH/V1.01.00/inc/stdio.h,Other,0,0,0,59,0
/Jenkins/Project/STDPLUS/workspace/STDPLUS_6.5INCH_VIP_CI/ai-network-network-stdplus.vip/network_MQB/Geny/MP2017/v_cfg.h,Other,0,0,0,132,0
/Jenkins/Project/STDPLUS/workspace/STDPLUS_6.5INCH_VIP_CI/ai-infrastructure-system-stdplus.vip/system/task_cfg.h,Other,0,0,0,81,0
/Jenkins/Project/STDPLUS/workspace/STDPLUS_6.5INCH_VIP_CI/ai-network-diagnostics-stdplus.vip/diagnostic_MQB/Deh/deh.h,Other,0,0,0,506,0
/Jenkins/Project/STDPLUS/workspace/STDPLUS_6.5INCH_VIP_CI/ai-infrastructure-services-stdplus.vip/Hardware/Drivers/iic.h,Other,0,0,0,48,0
/Jenkins/Project/STDPLUS/workspace/STDPLUS_6.5INCH_VIP_CI/ai-av-audio-stdplus.vip/audio/audio.driver.dsp.tef663x/dsp_coeff/dsp_balance_P.h,Other,0,0,0,19,0
/Jenkins/Project/STDPLUS/workspace/STDPLUS_6.5INCH_VIP_CI/ai-infrastructure-services-stdplus.vip/NVM/dataflash/FDL/lib/r_fdl_mem_map.h,Other,0,0,0,83,0
/Jenkins/Project/STDPLUS/workspace/STDPLUS_6.5INCH_VIP_CI/ai-infrastructure-services-stdplus.vip/Hardware/Drivers/r_typedefs.h,Other,0,0,0,11,0
/Jenkins/Project/STDPLUS/workspace/STDPLUS_6.5INCH_VIP_CI/ai-network-network-stdplus.vip/network_MQB/Common/v_def.h,Other,0,0,0,374,0
/Jenkins/Project/STDPLUS/workspace/STDPLUS_6.5INCH_VIP_CI/ai-infrastructure-services-stdplus.vip/NVM/dataflash_services.h,Other,0,0,0,18,0
/Jenkins/Project/STDPLUS/workspace/STDPLUS_6.5INCH_VIP_CI/ai-tuner-fmam-stdplus.vip/tuner/tuner_controller.h,Other,0,0,0,306,0
/Jenkins/Project/STDPLUS/workspace/STDPLUS_6.5INCH_VIP_CI/ai-network-diagnostics-stdplus.vip/diagnostic_MQB/Appl/diag_core_mgr.h,Other,0,0,0,77,0
/Jenkins/Project/STDPLUS/workspace/STDPLUS_6.5INCH_VIP_CI/ai-infrastructure-services-stdplus.vip/Hardware/Hal/cmd_uart.h,Other,0,0,0,90,0
/Jenkins/Project/STDPLUS/workspace/STDPLUS_6.5INCH_VIP_CI/ai-network-network-stdplus.vip/network_MQB/Can/can_inc.h,Other,0,0,0,25,0
/Jenkins/Project/STDPLUS/workspace/STDPLUS_6.5INCH_VIP_CI/ai-network-diagnostics-stdplus.vip/diagnostic_MQB/Appl/diag_ipcl.h,Other,0,0,0,38,0
/Jenkins/Project/STDPLUS/workspace/STDPLUS_6.5INCH_VIP_CI/ai-network-network-stdplus.vip/network_MQB/Ccl/ccl_inc.h,Other,0,0,0,27,0
/Jenkins/Project/STDPLUS/workspace/STDPLUS_6.5INCH_VIP_CI/ai-infrastructure-hmi-stdplus.vip/HMI/hmi_btn_cfg.h,Other,0,0,0,13,0
/Jenkins/Project/STDPLUS/workspace/STDPLUS_6.5INCH_VIP_CI/ai-network-network-stdplus.vip/network_MQB/BAP/bap_hmi_app.h,Other,0,0,0,676,0
/Jenkins/Project/STDPLUS/workspace/STDPLUS_6.5INCH_VIP_CI/ai-infrastructure-services-stdplus.vip/NVM/dataflash/app.h,Other,0,0,0,15,0
/Jenkins/Project/STDPLUS/workspace/STDPLUS_6.5INCH_VIP_CI/ai-av-audio-stdplus.vip/audio/audio.driver.dsp.tef663x/dsp_coeff/dsp_loudness_filter_P.h,Other,0,0,0,8,0
/Jenkins/Project/STDPLUS/workspace/STDPLUS_6.5INCH_VIP_CI/ai-infrastructure-services-stdplus.vip/NVM/dataflash/EEL/r_eel_types.h,Other,0,0,0,106,0
/Jenkins/Project/STDPLUS/workspace/STDPLUS_6.5INCH_VIP_CI/ai-infrastructure-hmi-stdplus.vip/HMI/hmi_cfg.h,Other,0,0,0,25,0
/Jenkins/Project/STDPLUS/workspace/STDPLUS_6.5INCH_VIP_CI/ai-infrastructure-services-stdplus.vip/Hardware/Hal/hal_common.c,Other,0,0,0,50,0
/Jenkins/Project/STDPLUS/workspace/STDPLUS_6.5INCH_VIP_CI/ai-infrastructure-services-stdplus.vip/NVM/dataflash/eel_cfg.h,Other,0,0,0,9,0
/Jenkins/Project/STDPLUS/workspace/STDPLUS_6.5INCH_VIP_CI/ai-network-diagnostics-stdplus.vip/diagnostic_MQB/Eol/diag_eol_config.h,Other,0,0,0,72,0
/Jenkins/Project/STDPLUS/workspace/STDPLUS_6.5INCH_VIP_CI/ai-infrastructure-services-stdplus.vip/NVM/dataflash/r_typedefs.h,Other,0,0,0,18,0
/Jenkins/Project/STDPLUS/workspace/STDPLUS_6.5INCH_VIP_CI/ai-infrastructure-services-stdplus.vip/Hardware/Drivers/csih_spi.c,Other,0,0,0,163,0
/Jenkins/Project/STDPLUS/workspace/STDPLUS_6.5INCH_VIP_CI/ai-infrastructure-services-stdplus.vip/Hardware/Drivers/watchdog.c,Other,0,0,0,20,0
/Jenkins/Project/STDPLUS/workspace/STDPLUS_6.5INCH_VIP_CI/ai-network-network-stdplus.vip/network_MQB/Il/il_def.h,Other,0,0,0,1136,0
/Jenkins/Project/STDPLUS/workspace/STDPLUS_6.5INCH_VIP_CI/ai-network-network-stdplus.vip/network_MQB/Geny/MP2017/v_par.h,Other,0,0,0,35,0
/Jenkins/Project/STDPLUS/workspace/STDPLUS_6.5INCH_VIP_CI/ai-network-network-stdplus.vip/network_MQB/BAP/MP2017/CarInterface_Data.h,Other,0,0,0,2564,0
/Program Files/Renesas Electronics/CS+/CC/CC-RH/V1.01.00/inc/math.h,Other,0,0,0,27,0
/Jenkins/Project/STDPLUS/workspace/STDPLUS_6.5INCH_VIP_CI/ai-tuner-fmam-stdplus.vip/tuner/tuner_cmmon.h,Other,0,0,0,135,0
/Jenkins/Project/STDPLUS/workspace/STDPLUS_6.5INCH_VIP_CI/ai-network-network-stdplus.vip/network_MQB/Vnim/vnim_app_signals.h,Other,0,0,0,218,0
/Jenkins/Project/STDPLUS/workspace/STDPLUS_6.5INCH_VIP_CI/ai-tuner-fmam-stdplus.vip/tuner/types.h,Other,0,0,0,53,0
/Jenkins/Project/STDPLUS/workspace/STDPLUS_6.5INCH_VIP_CI/ai-network-network-stdplus.vip/network_MQB/Common/i2s_MemMap.h,Other,0,0,0,4,0
/Jenkins/Project/STDPLUS/workspace/STDPLUS_6.5INCH_VIP_CI/ai-infrastructure-system-stdplus.vip/version/applVersion.c,Other,0,0,0,40,0
/Jenkins/Project/STDPLUS/workspace/STDPLUS_6.5INCH_VIP_CI/ai-infrastructure-services-stdplus.vip/NVM/dataflash/eelapp_control.c,Other,0,0,0,240,0
/Jenkins/Project/STDPLUS/workspace/STDPLUS_6.5INCH_VIP_CI/ai-network-network-stdplus.vip/network_MQB/Geny/MP2017/nmh_par.h,Other,0,0,0,13,0
/Jenkins/Project/STDPLUS/workspace/STDPLUS_6.5INCH_VIP_CI/ai-infrastructure-services-stdplus.vip/Hardware/Drivers/dma.c,Other,0,0,0,146,0
/Jenkins/Project/STDPLUS/workspace/STDPLUS_6.5INCH_VIP_CI/ai-infrastructure-services-stdplus.vip/NVM/dataflash/fdl_cfg.h,Other,0,0,0,13,0
/Jenkins/Project/STDPLUS/workspace/STDPLUS_6.5INCH_VIP_CI/ai-infrastructure-services-stdplus.vip/Hardware/Drivers/timer.c,Other,0,0,0,160,0
/Jenkins/Project/STDPLUS/workspace/STDPLUS_6.5INCH_VIP_CI/ai-av-audio-stdplus.vip/audio/audio.driver.dsp.tef663x/dsp_type.h,Other,0,0,0,189,0
/Jenkins/Project/STDPLUS/workspace/STDPLUS_6.5INCH_VIP_CI/ai-infrastructure-power-stdplus.vip/Power/power_mgr.h,Other,0,0,0,314,0
/Jenkins/Project/STDPLUS/workspace/STDPLUS_6.5INCH_VIP_CI/ai-infrastructure-services-stdplus.vip/CRC/crc.c,Other,0,0,0,48,0
/Jenkins/Project/STDPLUS/workspace/STDPLUS_6.5INCH_VIP_CI/ai-network-diagnostics-stdplus.vip/diagnostic_MQB/Appl/nvmdef.h,Other,0,0,0,196,0
/Jenkins/Project/STDPLUS/workspace/STDPLUS_6.5INCH_VIP_CI/ai-infrastructure-system-stdplus.vip/version/applversion.h,Other,0,0,0,28,0
/Jenkins/Project/STDPLUS/workspace/STDPLUS_6.5INCH_VIP_CI/ai-tuner-fmam-stdplus.vip/tuner/Tuner_config.h,Other,0,0,0,77,0
/Jenkins/Project/STDPLUS/workspace/STDPLUS_6.5INCH_VIP_CI/ai-av-audio-stdplus.vip/audio/audio.driver.dsp.tef663x/dsp_coeff/dsp_eq_7band_peq_mqb.h,Other,0,0,0,28,0
/Jenkins/Project/STDPLUS/workspace/STDPLUS_6.5INCH_VIP_CI/ai-av-audio-stdplus.vip/audio/audio.driver.dsp.tef663x/dsp_coeff/dsp_loudness_gain_P.h,Other,0,0,0,13,0
/Jenkins/Project/STDPLUS/workspace/STDPLUS_6.5INCH_VIP_CI/ai-infrastructure-services-stdplus.vip/Hardware/Drivers/dma.h,Other,0,0,0,48,0
/Jenkins/Project/STDPLUS/workspace/STDPLUS_6.5INCH_VIP_CI/ai-av-audio-stdplus.vip/audio/audio.driver.dsp.tef663x/dsp_coeff/dsp_treble_filter_gain_P.h,Other,0,0,0,87,0
/Jenkins/Project/STDPLUS/workspace/STDPLUS_6.5INCH_VIP_CI/ai-av-audio-stdplus.vip/audio/audio.driver.dsp.tef663x/dsp_coeff/dsp_volume_P.h,Other,0,0,0,98,0
/Jenkins/Project/STDPLUS/workspace/STDPLUS_6.5INCH_VIP_CI/ai-network-diagnostics-stdplus.vip/diagnostic_MQB/Appl/uds_appl.c,Other,0,0,0,213,0
/Jenkins/Project/STDPLUS/workspace/STDPLUS_6.5INCH_VIP_CI/ai-network-diagnostics-stdplus.vip/diagnostic_MQB/Uds/uds_cfg.h,Other,0,0,0,57,0
/Jenkins/Project/STDPLUS/workspace/STDPLUS_6.5INCH_VIP_CI/ai-av-audio-stdplus.vip/audio/audio.driver.dsp.tef663x/dsp_tef663x_reg.h,Other,0,0,0,2655,0
/Jenkins/Project/STDPLUS/workspace/STDPLUS_6.5INCH_VIP_CI/ai-network-network-stdplus.vip/network_MQB/Geny/MP2017/il_cfg.h,Other,0,0,0,126,0
/Jenkins/Project/STDPLUS/workspace/STDPLUS_6.5INCH_VIP_CI/ai-network-network-stdplus.vip/network_MQB/Vnim/vnim_hw_loop_check.c,Other,0,0,0,63,0
/Jenkins/Project/STDPLUS/workspace/STDPLUS_6.5INCH_VIP_CI/ai-infrastructure-services-stdplus.vip/NVM/dataflash/fdlapp_control.c,Other,0,0,0,192,0
